ClassID,DefAdj
0,1
1,0.900000
2,0.800000
3,0.700000
