ClassID,GenType,PosX,PosY,PosZ,Direction
1,1,2393,200,294,0
2,2,-1921,244,-350,180
3,3,1755.984497,197.435410,283.450256,0
4,4,277.874878,198.453796,243.535278,0
5,6,-1401.750977,245.360397,379.455322,0
6,7,1301.778320,197.435104,298.594208,0
7,7,1579.700317,197.435104,246.580124,0
8,7,1724.198486,197.435104,121.169167,0
9,7,1741.936768,197.354568,576.267090,0
10,7,1917.952759,197.435104,385.749908,0
11,7,1744.939453,197.435104,262.510803,0
12,7,1635.688110,196.977356,499.003693,0
13,7,1874.807983,197.494278,572.551636,0
14,7,1783.863281,197.456650,414.265625,0
15,8,1518.311523,197.435104,283.144745,0
16,8,1694.013306,197.435104,199.927490,0
17,8,1644.121338,196.788956,397.561798,0
18,8,1691.999878,197.075043,578.161377,0
19,8,1826.453613,197.483322,478.188904,0
20,8,1993.173340,197.435104,412.392609,0
21,8,1783.153809,197.435104,119.997421,0
22,8,1756.954834,197.436005,300.271240,0
23,8,1918.432495,197.435104,308.718567,0
24,8,1506.605103,197.328247,438.113922,0
25,8,1168.909302,197.859848,320.500671,0
26,8,1449.714966,197.435104,145.541199,0
27,8,1383.359985,197.435104,255.076324,0
28,8,1621.441895,197.435104,117.261292,0
