ClassID,GenType,PosX,PosY,PosZ,Direction
1,1,-464.704315,-74.460503,-1298.479858,0
2,1,-301.052338,-74.460503,-1335.316895,0
3,1,-416.935303,-74.460503,-686.425354,0
4,1,-118.940964,-74.460503,-623.620911,0
5,1,-167.159775,1.826300,13.694931,0
6,1,-89.572006,1.826300,260.678223,0
7,1,121.611588,1.826300,1.274778,0
8,1,25.610964,1.826300,845.436401,0
9,1,262.959656,1.826300,769.508789,0
10,1,378.446472,1.826300,1080.618652,0
11,1,118.646767,1.826300,1216.311157,0
