ClassID,GenType,PosX,PosY,PosZ,Direction,Name
1,1,61,0,363,90,"비석로"
2,2,-437,0,-1059,270,"시르드겔라 숲"
3,3,429.516815,0.399937,-446.957947,180,""
4,4,10.105087,0.400000,295.002258,0,""
